Workbook

Sheet VENDAS
A1: Valor do Prêmio | B1: 50000 | C1: Meta: | D1: ###########
A2: VENDEDOR | B2: DEPARTAMENTO | C2: VALOR DA VENDA (R$) | D2: COLOCAÇÃO | E2: VALOR DO PRÊMIO | F2: CONCEIRO | G2: PRÊMIO EXTRA
A3: Máximo Queiroz | B3: USADOS | C3: 100000 | D3: =IFERROR(_xlfn.RANK.EQ(C3,C$3:C$22),"") -> 12 | E3: =IF(D3=1,B$1/RELATÓRIO!B$10,0) -> 0
A4: Maria Amélia Gouveia | B4: ZERO KM | C4: 134600 | D4: =IFERROR(_xlfn.RANK.EQ(C4,C$3:C$22),"") -> 6 | E4: =IF(D4=1,B$1/RELATÓRIO!B$10,0) -> 0
A5: Fernando Augusto Martinez | B5: ISENÇÕES | C5: 50000 | D5: =IFERROR(_xlfn.RANK.EQ(C5,C$3:C$22),"") -> 17 | E5: =IF(D5=1,B$1/RELATÓRIO!B$10,0) -> 0
A6: Solange Farias | B6: ZERO KM | C6: 130000 | D6: =IFERROR(_xlfn.RANK.EQ(C6,C$3:C$22),"") -> 8 | E6: =IF(D6=1,B$1/RELATÓRIO!B$10,0) -> 0
A7: Luciana Meirelles | B7: ZERO KM | C7: 90870 | D7: =IFERROR(_xlfn.RANK.EQ(C7,C$3:C$22),"") -> 13 | E7: =IF(D7=1,B$1/RELATÓRIO!B$10,0) -> 0
A8: Geraldo Maximiliano | B8: USADOS | C8: 67800 | D8: =IFERROR(_xlfn.RANK.EQ(C8,C$3:C$22),"") -> 16 | E8: =IF(D8=1,B$1/RELATÓRIO!B$10,0) -> 0
A9: Stella Cruz e Souza | B9: USADOS | C9: 45000 | D9: =IFERROR(_xlfn.RANK.EQ(C9,C$3:C$22),"") -> 18 | E9: =IF(D9=1,B$1/RELATÓRIO!B$10,0) -> 0
A10: Marineide Novais | B10: USADOS | C10: 137000 | D10: =IFERROR(_xlfn.RANK.EQ(C10,C$3:C$22),"") -> 5 | E10: =IF(D10=1,B$1/RELATÓRIO!B$10,0) -> 0
A11: Gilda Soares | B11: ISENÇÕES | C11: 23000 | D11: =IFERROR(_xlfn.RANK.EQ(C11,C$3:C$22),"") -> 19 | E11: =IF(D11=1,B$1/RELATÓRIO!B$10,0) -> 0
A12: Hector Mangiolli | B12: ZERO KM | C12: 149000 | D12: =IFERROR(_xlfn.RANK.EQ(C12,C$3:C$22),"") -> 3 | E12: =IF(D12=1,B$1/RELATÓRIO!B$10,0) -> 0
A13: Marli Vieira | B13: ISENÇÕES | C13: 134000 | D13: =IFERROR(_xlfn.RANK.EQ(C13,C$3:C$22),"") -> 7 | E13: =IF(D13=1,B$1/RELATÓRIO!B$10,0) -> 0
A14: Homero Gamberin | B14: USADOS | C14: 123000 | D14: =IFERROR(_xlfn.RANK.EQ(C14,C$3:C$22),"") -> 9 | E14: =IF(D14=1,B$1/RELATÓRIO!B$10,0) -> 0
... A16: Luci Pereira | B16: ISENÇÕES | C16: 150000 | D16: =IFERROR(_xlfn.RANK.EQ(C16,C$3:C$22),"") -> 1 | E16: =IF(D16=1,B$1/RELATÓRIO!B$10,0) -> 25000
A17: Marcela Gianotti | B17: ISENÇÕES | D17: =IFERROR(_xlfn.RANK.EQ(C17,C$3:C$22),"") | E17: =IF(D17=1,B$1/RELATÓRIO!B$10,0) -> 0
A18: Arlete Farias | B18: USADOS | C18: 120000 | D18: =IFERROR(_xlfn.RANK.EQ(C18,C$3:C$22),"") -> 11 | E18: =IF(D18=1,B$1/RELATÓRIO!B$10,0) -> 0
A19: Beatriz Domingues | B19: ZERO KM | C19: 87900 | D19: =IFERROR(_xlfn.RANK.EQ(C19,C$3:C$22),"") -> 14 | E19: =IF(D19=1,B$1/RELATÓRIO!B$10,0) -> 0
A20: Camila Gonçalves | B20: ZERO KM | C20: 123000 | D20: =IFERROR(_xlfn.RANK.EQ(C20,C$3:C$22),"") -> 9 | E20: =IF(D20=1,B$1/RELATÓRIO!B$10,0) -> 0
A21: Rogério Hanibal Junior | B21: USADOS | C21: 76900 | D21: =IFERROR(_xlfn.RANK.EQ(C21,C$3:C$22),"") -> 15 | E21: =IF(D21=1,B$1/RELATÓRIO!B$10,0) -> 0
A22: Katia Domenica Lira | B22: USADOS | C22: 143000 | D22: =IFERROR(_xlfn.RANK.EQ(C22,C$3:C$22),"") -> 4 | E22: =IF(D22=1,B$1/RELATÓRIO!B$10,0) -> 0

Sheet RELATÓRIO
A1: VENDAS | D1: USADOS
A2: Maior | B2: =MAX(VENDAS!C3:C22) -> 150000 | D2: Total Vendedores | E2: =COUNTIF(VENDAS!B$3:B$22,"usados") -> 8
A3: Menor | B3: =MIN(VENDAS!C3:C22) -> 23000 | D3: Ganhadores | E3: =COUNTIFS(VENDAS!B$3:B$22,"usados",VENDAS!D$3:D$22,1) -> 0
A4: Média | B4: =AVERAGE(VENDAS!C3:C22) -> 107108.95 | D4: Média de Vendas Total | E4: =AVERAGEIF(VENDAS!B$3:B$22,RELATÓRIO!D1,VENDAS!C$3:C$22) -> 101587.5
D5: Média de Vendas dos Não Ganhadores | E5: =AVERAGEIFS(VENDAS!C$3:C$22,VENDAS!B$3:B$22,RELATÓRIO!D1,VENDAS!D$3:D$22,"<>1") -> 101587.5
A6: NÚMERO DE VENDAS
A7: Total | B7: =COUNTA(VENDAS!A3:A22) -> 20 | D7: ZERO KM
A8: Não efetuaram vendas | B8: =COUNTBLANK(VENDAS!C3:C22) -> 1 | D8: Total de Vendedores | E8: =COUNTIF(VENDAS!B$3:B$22,D7) -> 7
A9: Efetuaram vendas | B9: =COUNT(VENDAS!C3:C22) -> 19 | D9: Ganhadores | E9: =COUNTIFS(VENDAS!B$3:B$22,D7,VENDAS!D$3:D$22,1) -> 1
A10: Ganhadores do prêmio | B10: =COUNTIF(VENDAS!D3:D22,1) -> 2 | D10: Média de Vendas Total | E10: =AVERAGEIF(VENDAS!B$3:B$22,RELATÓRIO!D7,VENDAS!C$3:C$22) -> 123624.29
D11: Média de Vendas dos Não Ganhadores | E11: =AVERAGEIFS(VENDAS!C$3:C$22,VENDAS!B$3:B$22,RELATÓRIO!D7,VENDAS!D$3:D$22,"<>1") -> 119228.33
D13: ISENÇÕES
D14: Total de Vendedores | E14: =COUNTIF(VENDAS!B$3:B$22,D13) -> 5
D15: Ganhadores | E15: =COUNTIFS(VENDAS!B$3:B$22,D13,VENDAS!D$3:D$22,1) -> 1
D16: Média de Vendas Total | E16: =AVERAGEIF(VENDAS!B$3:B$22,RELATÓRIO!D13,VENDAS!C$3:C$22) -> 89250
D17: Média de Vendas dos Não Ganhadores | E17: =AVERAGEIFS(VENDAS!C$3:C$22,VENDAS!B$3:B$22,RELATÓRIO!D13,VENDAS!D$3:D$22,"<>1") -> 69000
